,R0,R1,PMOS_Num,0,1,2,3,4,5,6,7,8,9,10,11,12,13,14,15,16,17,18,19,20,21,22,23,24,25,26,27,28,29,30,31,32,33,34,35,36,37,38,39,40,41,42,43,44,45,46,47,48,49,50
1,0,0,1,3.007,3.00751146664775,3.0070027047296,3.00699982665262,3.00699992670061,3.007,3.00792654056426,3.00742650739839,3.00699488923794,3.00700248152342,3.00694189895518,2.98929848652497,2.99016355179897,2.97437181569865,2.9517420872122,2.92356435591455,2.84480808039454,2.7719977038509,2.67512006247314,2.48422295888226,1.11183693687144,0.286678345908527,0.217499987196439,0.154339397048164,0.13081638958794,0.098907901167221,0.085091063086518,0.067,0.048514204182845,0.050037935112288,0.036362303650274,0.033032229524733,0.033002699964867,0.03456036231334,0.016907218779891,0.017001104430095,0.017000012984439,0.017000000081076,0.017000000003699,0.017000000000012,0.017,0.017,0.017,0.017,0.017,0.017,0.017,0.017,0.017,0.017,0.017
2,0,100,1,2.923,2.92299968038001,2.922978872785,2.93048178418489,2.92378075316447,2.92280526022661,2.92023695510212,2.92271348724441,2.92300474010071,2.92300004753253,2.92299999611696,2.92300157907911,2.92302972020916,2.91006450035899,2.89182911076174,2.86481751047557,2.80494858166382,2.74575695336878,2.68757138613265,2.56786970790494,2.37820569331955,0.444410312519906,0.267,0.184671895225883,0.120883569237447,0.084627663520753,0.060463256330898,0.033,0.016149491706163,-0.001220997303487,1.06739027667912E-06,-0.000638194130875,-0.049690024810053,-0.050060096703329,-0.049997979696586,-0.050000009801335,-0.050000000082598,-0.049999999999647,-0.049999999999993,-0.05,-0.05,-0.05,-0.05,-0.05,-0.05,-0.05,-0.05,-0.05,-0.05,-0.05,-0.05
3,0,1000000,1,2.973,2.973,2.973,2.973,2.973,2.973,2.973,2.973,2.973,2.973,2.973,2.973,2.973,2.973,2.973,2.973,2.973,2.973,2.973,2.973,2.973,2.973,2.973,2.973,2.973,2.973,2.973,2.973,2.973,2.97299999999999,2.97299999999958,2.97299999993396,2.97300000151193,2.97300125439124,2.97298824439624,2.97570699695017,3.02977113526213,0.823246234056624,0.157406133104623,-0.001578948424004,-0.051031623569961,-0.050008769061395,-0.049999962081759,-0.049999999130148,-0.049999999997998,-0.04999999999979,-0.049999999999999,-0.05,-0.05,-0.05,-0.05
4,0,249000,1,2.94,2.94,2.94,2.94,2.94,2.94,2.94,2.94,2.94,2.94,2.94,2.94,2.94,2.94,2.94,2.94,2.94,2.94,2.94,2.94,2.94,2.94,2.94,2.94,2.94,2.94,2.94,2.94,2.94000000000108,2.94000000007505,2.94000000288177,2.94000044983395,2.93998967884663,2.94433855884261,2.92153393397612,2.62265916202344,0.522395171193649,0.103997881163036,-0.006127536584464,-0.050232426954108,-0.068192546554125,-0.067068495306167,-0.050497187190489,-0.067160337314247,-0.067000267399226,-0.066999977352478,-0.066999004704125,-0.067082792509345,-0.060115058942338,-0.067,-0.067
5,0,39,1,2.957,2.957,2.957,2.957,2.957,2.957,2.9569999999999,2.95700000000154,2.95699999970835,2.95699996511759,2.95700171567052,2.95683116357897,2.93974890511618,2.92158995091569,2.8910511681542,2.87330152525868,2.79650529904463,2.73737056209024,2.60899262398652,2.4736140093694,0.779339127758776,0.243483259916741,0.2,0.121909991297785,0.083322318993105,0.067195681632913,0.051448866390925,0.033268425334282,0.01717748650177,0.006875080363717,-5.42731400912408E-05,-0.005856774742636,-0.033188033150659,-0.032956468563327,-0.033000344048915,-0.032999993010572,-0.032999999938611,-0.032999999999144,-0.032999999999981,-0.033,-0.033,-0.033,-0.033,-0.033,-0.033,-0.033,-0.033,-0.033,-0.033,-0.033,-0.033
6,0,39000,1,2.957,2.9570000000001,2.95700000000665,2.95699999797775,2.95700004047896,2.95699905022204,2.95646439063485,2.97043258050058,2.95694647819903,2.95699940429116,2.95700000116311,2.9570000000531,2.95700000000017,2.957,2.957,2.957,2.957,2.957,2.957,2.957,2.95699999999979,2.95699999995629,2.95700000040467,2.95699984685474,2.95698513033297,2.95819304484884,2.94044468957614,2.94,2.93999497413384,2.93983387885625,2.92211010076217,2.91743465246696,2.89129674299388,2.79452615828376,0.842664420692243,0.344560567195499,0.086004546102185,-0.000210640792724,-0.033120544318125,-0.033000403533177,-0.032999991929265,-0.032999999931418,-0.033000000000298,-0.033000000000007,-0.033,-0.033,-0.033,-0.033,-0.033,-0.033,-0.033
7,0,400,1,2.94,2.94,2.94,2.94,2.94,2.94,2.93999999999999,2.93999999999961,2.94000000008896,2.94000001063112,2.93999947668987,2.94005254751343,2.93098175356436,2.92378286995649,2.90701891885471,2.88942737131205,2.86178703941521,2.83878333448875,2.78450895356296,2.73509159744872,2.66252693724527,2.55220152933045,2.422,0.691004989722451,0.341274598437602,0.248731546320798,0.200589294799207,0.134981263400296,0.094369437590865,0.066658968036109,0.036636697266108,0.01753417076984,5.31454033630648E-05,0.001474459951397,-0.035306673101982,-0.050061302506109,-0.050000514495778,-0.050000007634604,-0.050000000171654,-0.050000000000286,-0.049999999999986,-0.05,-0.05,-0.05,-0.05,-0.05,-0.05,-0.05,-0.05,-0.05,-0.05
8,0,4000,1,2.94,2.93984293133176,2.95567764422107,2.94077066321312,2.95213310262205,2.957,2.93690697399343,2.93960782386376,2.94000471422063,2.94000005195241,2.93999999989831,2.9399999996971,2.93999998704888,2.94000298575609,2.94039532430842,2.9235558345425,2.92301934271026,2.92318421637288,2.90719287851419,2.90589509765045,2.89058783727461,2.8915119546217,2.8731503561076,2.86173608859438,2.83910522505828,2.80675881877712,2.78330238302363,2.706,2.01690140710691,0.767489990954571,0.520549190115607,0.320922927127386,0.195381420499133,0.104048768808635,0.03860630944405,-0.001062015058125,-0.048479336467182,-0.049990504815111,-0.049999566840447,-0.049999998612404,-0.050000000031867,-0.049999999999207,-0.050000000000004,-0.05,-0.05,-0.05,-0.05,-0.05,-0.05,-0.05,-0.05
9,0,51000,1,2.94,2.94,2.94,2.94,2.94,2.94,2.94,2.94,2.94,2.94,2.94,2.94,2.94,2.94,2.94,2.94,2.94,2.94,2.94,2.94,2.94,2.94000000000036,2.94,2.93999999972712,2.9399999805501,2.94000212585538,2.93986526268829,2.923,2.92301106241414,2.92311952330962,2.92353503164736,2.90347883971684,2.89010033159763,2.74150980516128,1.03045878296542,0.356863303265443,0.074647223105316,7.317515953081E-06,-0.050739505863368,-0.050001336370841,-0.049999944172633,-0.050000001202936,-0.049999999993971,-0.049999999999862,-0.05,-0.05,-0.05,-0.05,-0.05,-0.05,-0.05
10,100000,1700,1,3.007,3.0102482024329,2.99048347313165,2.99478770827117,2.99624238766834,2.99071254824435,2.99024888120128,2.99050864263929,2.94842197087859,2.72609060178051,2.10611583994543,0.811926817176351,0.068170922567354,0.050250456196284,0.050003780788877,0.050000425024936,0.05012711962044,0.032378841491819,0.032894718429176,0.032999417714805,0.033000004333303,0.033000000069785,0.033,0.033000000000018,0.033,0.033000000000001,0.032999999999978,0.033000000000518,0.033000000291828,0.033000020918808,0.032997307258483,0.032557292515202,0.032629367279122,0.017661188218483,0.017001644014973,0.016999966601483,0.016999999706655,0.016999999995907,0.017000000000427,0.017000000000001,0.017,0.017,0.017,0.017,0.017,0.017,0.017,0.017,0.017,0.017,0.017
11,1000000,0,1,2.94,2.9400000000166,2.94000000109175,2.93999988066409,2.94000686725844,2.94,2.91627852147302,2.83755601597109,2.41821129879117,0.367978025249579,-0.000253540034831,4.96696780135049E-05,1.22442192647522E-07,-2.465845465643E-09,-2.19075324803215E-11,-2.99661944312936E-13,-6.94429352328118E-15,-1.12858130557957E-17,4.71468855694242E-19,-1.01589360977502E-20,5.09133145250899E-23,1.16896122515656E-24,-5.03458252818141E-26,2.87384556034254E-28,1.83363761745486E-30,-1.36456665189061E-32,-2.06194737084292E-34,8.18116572979783E-50,1.64920947477215E-38,1.19978378636856E-40,3.15092139260104E-42,3.50128445115141E-44,-6.72797839866213E-47,1.16141269138875E-47,3.25458684294637E-50,-5.38407914076838E-52,-6.01697460582419E-54,-3.97424848892646E-56,-1.80497312120917E-57,-5.77895572148741E-60,1.18596116138678E-61,-3.31765624135954E-63,1.46052945968594E-65,-1.10389874329515E-66,-2.53409998171994E-69,-2.70662642034361E-70,-1.73888307605183E-72,1.28011347973273E-74,-8.84191537918231E-76,-1.05468804918506E-92,0
12,1000000,1000000,1,2.973,2.95707616705642,2.95701122520427,2.95771401180647,2.97247819630801,2.97278558117368,2.95835752495698,2.93798829327156,2.89946382601563,2.85128793474295,2.80708968566455,2.74621697284726,2.68786401041815,2.63017953948591,2.57130290142961,2.52308268425627,2.47121190544232,2.41181953802256,2.35321974604882,2.31989973778767,2.25807021600047,2.19442559834951,1.67,1.25641933868798,0.76644205989467,0.687513987795019,0.655623296727089,0.585979671725839,0.52535793411859,0.447214948277201,0.412974993156473,0.363002830968135,0.285320185611002,0.224135626055944,0.183739345501625,0.139397970420952,0.090436507802113,0.033956999296859,0.004266490303173,-0.017582155388594,-0.030965306654109,-0.033033359436688,-0.032999740844179,-0.032999996384645,-0.032999999993589,-0.033000000000273,-0.033000000000002,-0.033,-0.033,-0.033,-0.033
13,249000,0,1,2.94,2.94000000022355,2.94000001463436,2.93999540774645,2.94009523884614,2.92364805833993,2.93246371111838,2.90475778492807,2.79887985175606,2.23183811268524,0.009896177723339,-0.035457838296309,-0.049981288145863,-0.05000069327943,-0.05000001066098,-0.049999999678737,-0.049999999992783,-0.049999999999988,-0.050000000000002,-0.05,-0.05,-0.05,-0.05,-0.05,-0.05,-0.05,-0.05,-0.05,-0.05,-0.05,-0.05,-0.05,-0.05,-0.05,-0.05,-0.05,-0.05,-0.05,-0.05,-0.05,-0.05,-0.05,-0.05,-0.05,-0.05,-0.05,-0.05,-0.05,-0.05,-0.05,-0.05
14,249000,249000,1,2.923,2.92300000000004,2.92300000000229,2.92299999929367,2.9230000146486,2.92299966409704,2.92279902780825,2.90610415810542,2.88443168898381,2.85144309334673,2.80704451792688,2.75014881839584,2.70408801235282,2.66232225017866,2.59988723877076,2.55134857170671,2.48239456364116,2.43742141636944,2.37623165848941,2.32655413131371,2.25094734163685,2.17761037643915,2.105,0.727234840344163,0.646223384016024,0.588167531487207,0.527788747082414,0.484,0.421018607974935,0.383201107918407,0.307564044957601,0.260748220816286,0.200355512180424,0.154955344505481,0.099147983157464,0.056797979532034,0.015537201957571,-0.000730161787003,-0.035613581009361,-0.066865832613245,-0.067006741977107,-0.066999876947536,-0.067000000616755,-0.067000000013403,-0.06699999999992,-0.067000000000004,-0.067,-0.067,-0.067,-0.067,-0.067
15,39000,0,1,2.957,2.957,2.9569999999999,2.95700000001302,2.95699999939074,2.95700001385661,2.9570078154148,2.95582109943545,2.93925476291314,2.89817831998989,2.64504362112599,2.30464198083358,-0.033440038621315,0.006600230382046,0.000129564078374,0.001134013576679,-0.03479358361378,-0.033002991001409,-0.032999854480769,-0.033000002806901,-0.032999999979356,-0.032999999999712,-0.033000000000013,-0.033,-0.033,-0.033,-0.033,-0.033,-0.033,-0.033,-0.033,-0.033,-0.033,-0.033,-0.033,-0.033,-0.033,-0.033,-0.033,-0.033,-0.033,-0.033,-0.033,-0.033,-0.033,-0.033,-0.033,-0.033,-0.033,-0.033,-0.033
16,39000,249000,1,2.94,2.93999999666837,2.93999977977572,2.94006709103952,2.93862510625611,2.9491122517034,2.95135919914649,2.93991322163145,2.93904465094932,2.94066719178239,2.92293170224926,2.92298461013817,2.92245662354955,2.9061056992673,2.90600672238013,2.90606899525486,2.88832954643586,2.88994759180856,2.87170857519807,2.87297388908284,2.87448072766026,2.85584715134378,2.856,2.84085387084794,2.82953868923638,2.82304003826392,2.81767518745039,2.79,2.77976512677201,2.77439981201109,2.75498796172939,2.70862265072469,1.24584350073374,0.981701645248456,0.659132904673816,0.447617785703254,0.183017208363361,0.073046387561079,-0.003353933493931,-0.033809807021937,-0.050080862810705,-0.050000687354337,-0.049999997028575,-0.050000000177019,-0.049999962054722,-0.050000832506505,-0.050075896224723,-0.034211505008044,-0.04944244191093,-0.05,-0.05
17,39000,4000,1,2.957,2.95699999999568,2.95699999971626,2.95700003101508,2.95699821521828,2.957,2.93659274046197,2.95480630892476,2.94018081858132,2.89369802527747,2.75892354119945,2.56104513808323,2.3113187761082,1.86527079364942,0.190939853970944,0.118695997856917,0.101557668305356,0.083955774232841,0.085639958503892,0.066889361703541,0.067070644947589,0.045565451110679,0.049732806339322,0.049827214598988,0.032343569318828,0.033003332957292,0.033297709903187,0.017,0.016910159881085,0.01704452390608,0.00336383160115,3.51117492161889E-05,-4.51170021668502E-06,-0.004025191738501,-0.026255500662317,-0.033022914180551,-0.033000256077296,-0.033000001691406,-0.033000000076818,-0.033000000000246,-0.032999999999995,-0.033,-0.033,-0.033,-0.033,-0.033,-0.033,-0.033,-0.033,-0.033,-0.033
18,39,0,1,2.957,2.95479392504859,2.95511133365265,2.95659301308383,2.95047793666221,2.95700823082705,2.95699817780315,2.95732318689007,2.94433912520341,2.94715879861581,2.93998087754222,2.94029322807857,2.9224641696773,2.91040919299543,2.88686654173099,2.85676972877125,2.77786290694135,2.7050809054948,2.58282459631454,2.44122895975287,0.746496994381603,0.219112972448902,0.150613915241864,0.107922740339589,0.08165790105072,0.051299839852015,0.029232134819082,0.017623786306337,0.016578230671478,0.000379369941295,2.53760920327507E-05,0.001723173268035,-0.033014144748676,-0.033000701142455,-0.032999993017463,-0.033000000141851,-0.033000000001186,-0.033000000000017,-0.033,-0.033,-0.033,-0.033,-0.033,-0.033,-0.033,-0.033,-0.033,-0.033,-0.033,-0.033,-0.033
19,39,100,1,2.94,2.94635188744533,2.95702502198962,2.95486999060534,2.95707350299139,2.95699985894333,2.95699999446158,2.95700001047412,2.95700060974057,2.95708287569303,2.9407556006632,2.94004812542403,2.94038335620115,2.9251770399561,2.889271797901,2.8741387268664,2.82356690144726,2.75509761835732,2.67811630643026,2.56711832051675,2.37531433314196,0.37979328042863,0.252914167520219,0.191038516463225,0.130484758444223,0.08623624388252,0.071601688593282,0.05,0.032933171958801,0.017429900405261,0.018701294511529,-0.00014822481843,0.000418205713094,-0.032639173339374,-0.033003583517579,-0.032999927832924,-0.032999999462677,-0.0329999933368,-0.033000146032409,-0.033003340941181,-0.031462973228197,-0.038238425572913,-0.032990275951895,-0.032999776934397,-0.032999999617406,-0.032999999945122,-0.03299999999965,-0.033000000000003,-0.033,-0.033,-0.033
20,400,0,1,2.94,2.9399993150412,2.93995446190005,2.95369851443881,2.94034005301835,2.93920606527785,2.95009769065505,2.940025779067,2.9399994632564,2.94000034597941,2.93998248799434,2.94395065566727,2.92181512809624,2.89145339099221,2.83053467044572,2.77627473269899,2.67765607566174,2.51896482497948,2.16549190343024,0.306058479437012,0.157479782347131,0.112214253154301,0.084,0.052454013049558,0.047433027987023,0.020129191305094,0.017011549058592,-1.0842021724855E-19,2.85273016104236E-05,-0.000112307147549,-0.012084285817051,-0.032501959008275,-0.033000581195856,-0.033000068744824,-0.032999999721669,-0.03300000000567,-0.033000000000048,-0.033000000000001,-0.033,-0.033,-0.033,-0.033,-0.033,-0.033,-0.033,-0.033,-0.033,-0.033,-0.033,-0.033,-0.033
21,400,39000,1,2.99,2.99,2.99,2.99,2.99,2.99,2.99,2.99,2.99,2.99,2.99,2.98999999999997,2.98999999999901,2.99000000023115,2.99000003079382,2.99000041206679,2.99012868729555,2.97266259408989,2.97556200310125,2.97301366715786,2.97299989947899,2.97299999849422,2.973,2.97299999009547,2.97299929405763,2.97307715882765,2.96667232854147,2.957,2.9569683710888,2.96154585902581,2.94033338931901,2.92265354123837,2.8884681975504,1.23369581497465,0.717443036463008,0.286315689230972,0.07480788376447,0.033746184872659,0.013414596282849,-1.44052816943003E-05,6.01463089931829E-07,-1.49080744576777E-08,6.44639335975743E-11,1.48740667926292E-12,-8.34727988119076E-15,3.63805173871312E-16,2.32287241093405E-18,-1.75245379179394E-20,8.76839210094891E-22,4.70197740328915E-38,0
22,4000,0,1,2.957,2.9569650618436,2.95461944995704,2.94085952949375,2.95150685855571,2.94812970823066,2.95935760952973,2.93992731248454,2.9400087051052,2.94086619461936,2.90662371652306,2.86600752580246,2.71871853709446,2.50482847202252,2.22320386053178,0.146280375843292,0.070503448367465,0.04927690359801,0.035455055466646,0.017406983944057,0.016847996134548,-0.000652559185424,-6.7762635780344E-21,4.97133933717721E-07,4.43989261954077E-05,-0.013561747576716,-0.01954564696444,-0.032982988401227,-0.032999305301732,-0.032999996607475,-0.033000000040383,-0.03300000000045,-0.032999999999999,-0.033,-0.033,-0.033,-0.033,-0.033,-0.033,-0.033,-0.033,-0.033,-0.033,-0.033,-0.033,-0.033,-0.033,-0.033,-0.033,-0.033,-0.033
23,4000,400,1,2.957,2.95869997272287,2.95705814676563,2.94288221802314,2.95652894603643,2.9401237987291,2.95657356021618,2.95701879696133,2.95700863525904,2.95844157350592,2.94033201129014,2.89460303090098,2.78883616283988,2.66019478982513,2.4547024112799,2.2546157083244,1.24392566110978,0.138620260131046,0.103670051372509,0.093968658339603,0.06712849480926,0.068994084947921,0.050924663645318,0.051690051499903,0.032831187724133,0.03330597607015,0.017398703554375,0.017045867376679,0.002700209115352,4.06377666651221E-05,-1.08013766776009E-07,-4.14164851929381E-05,-0.035134172367188,-0.032977250133468,-0.033000930933265,-0.033000000531907,-0.033000000234458,-0.033000000001797,-0.033000000000041,-0.033000000000001,-0.033,-0.033,-0.033,-0.033,-0.033,-0.033,-0.033,-0.033,-0.033,-0.033,-0.033
24,51000,0,1,2.94,2.94,2.9399999999999,2.94000000003173,2.93999999935356,2.94000001493685,2.94000895712655,2.93986006205351,2.92420754849878,2.82706839717972,2.48110289867672,1.6854626141651,0.017767300866035,0.000271024950034,0.000608608074582,-0.03183364952179,-0.032973949193922,-0.032999956473318,-0.033000006611679,-0.032999999959878,-0.033000000000299,-0.033000000000005,-0.033,-0.033,-0.033,-0.033,-0.033,-0.033,-0.033,-0.033,-0.033,-0.033,-0.033,-0.033,-0.033,-0.033,-0.033,-0.033,-0.033,-0.033,-0.033,-0.033,-0.033,-0.033,-0.033,-0.033,-0.033,-0.033,-0.033,-0.033,-0.033
25,51000,51000,1,2.923,2.923,2.92300000000013,2.92299999996054,2.92300000078946,2.923,2.92298955367249,2.92326519766831,2.90528890055928,2.87786134712875,2.84829823656147,2.82536333315328,2.75432682698096,2.71173192938278,2.65978322343138,2.62301675233122,2.55801323195648,2.50466720146724,2.4552728367066,2.40168845110948,2.34107327811009,2.28140417206368,2.20238362818082,0.71298987264356,0.5975218335287,0.523576272146817,0.492745829842879,0.434,0.373318185927949,0.317671438642674,0.271490120831442,0.221011634317097,0.168069630701165,0.109241228764443,0.082876522802802,0.036741041254201,-0.001161760565228,0.000333269552243,-0.049243213657944,-0.04999756538598,-0.05000277045714,-0.049901818034328,-0.06650631126095,-0.047542801640337,-0.061753728041583,-0.049944962753449,-0.049999646410986,-0.050000002603104,-0.049999999799497,-0.05,-0.05
26,0,0,2,2.94,2.9400032043237,2.94023331622071,2.94369082046045,2.94008089794072,2.93975155316786,2.94457128647456,2.94212377143975,2.93931478994837,2.95842215327529,2.95692916943765,2.95699783798541,2.93986293278858,2.95583045201858,2.94255295113365,2.90603008025269,2.90748116165569,2.86926797160621,2.8046370196122,2.78483266264294,2.70614943884605,2.56908096401759,2.20883399405554,0.486859655129812,0.252661220439301,0.149618566887109,0.119785967302083,0.082866589756286,0.049328130380999,0.029566114048821,0.017017459078255,-0.000536625329495,-0.002153903318427,-0.032832755999058,-0.033006395513889,-0.032999998872438,-0.032999999562376,-0.033000000021707,-0.032999999999937,-0.032999999999999,-0.033,-0.033,-0.033,-0.033,-0.033,-0.033,-0.033,-0.033,-0.033,-0.033,-0.033
27,0,100,2,2.957,2.957,2.957,2.957,2.957,2.957,2.957,2.95699999999999,2.95700000000011,2.95700000019901,2.95699999444087,2.9570013063343,2.95696955166203,2.95631439252784,2.93972527889782,2.9229787724455,2.90544832192182,2.88084400045174,2.86339994477567,2.80757272629241,2.74701655515919,2.68769666109403,2.5999040211027,1.8998972223846,0.425927242527226,0.283943774490235,0.23288187599504,0.150252445446511,0.097033123675228,0.084304548535494,0.057008303391594,0.032298231982884,0.017202633108733,-0.00165193731744,1.51413456027524E-05,-3.53066662296767E-07,-3.26185969302737E-09,-2.06011710198335E-11,3.04872937966097E-12,1.34001744169344E-14,-1.45909170105302E-16,-1.79618581017174E-18,-9.6963940408297E-22,1.29781360439725E-22,7.82120825581275E-25,-5.36582855236264E-27,2.61647802896932E-28,1.08055667921101E-30,-1.37746193010727E-32,-1.5738679701864E-34,0
28,0,1000000,2,3.023,3.023,3.023,3.023,3.023,3.023,3.023,3.023,3.023,3.023,3.023,3.023,3.023,3.023,3.023,3.023,3.023,3.023,3.023,3.023,3.023,3.023,3.023,3.023,3.023,3.023,3.023,3.023,3.023,3.023,3.023,3.02300000000626,3.0230000005248,3.02299994471785,3.02300319268671,3.02299277773667,3.05448800270651,0.844542162324959,0.298432825664377,0.055948554229729,-1.51384239948503E-05,-1.90017285906628E-06,2.49359007727181E-08,-3.17034742655922E-10,-3.2847202718989E-12,1.52399484785854E-13,-8.9055597343998E-16,-5.08570415255109E-18,4.43077885491188E-20,1.25883116641963E-21,0
29,0,249000,2,3.007,3.007,3.007,3.007,3.007,3.007,3.007,3.007,3.007,3.007,3.007,3.007,3.007,3.007,3.007,3.007,3.007,3.007,3.007,3.007,3.007,3.007,3.007,3.007,3.007,3.007,3.007,3.007,3.00699999999999,3.00700000000003,3.0069999999396,3.0069999947128,3.00699981537097,3.00696891540081,3.00606002176006,2.98085294527254,1.01046007075134,0.222382888224976,0.075116091578866,0.031068631201239,0.016955606288534,0.016999332195134,0.016999998692012,0.016999987145126,0.017001844083905,0.016905129284078,0.019261988305808,0.014639042190209,0.000443664552195,0.017152526121677,0.017
30,0,39,2,2.957,2.957,2.957,2.957,2.957,2.957,2.957,2.957,2.95699999999997,2.95699999993986,2.95700000167982,2.95699986666488,2.95696976055463,2.95631858772658,2.93980097722073,2.92380167352628,2.90682162071596,2.86184132201485,2.84022742282924,2.77670178977505,2.70109479805974,2.57051350126409,2.43569494436157,0.436431615319653,0.279929473695965,0.210243414527843,0.148599194877067,0.100056674353592,0.071824369359657,0.049750629260987,0.031401192560743,0.017390396318255,0.001897315043031,3.92034473232355E-05,-3.10520348606813E-07,7.23473996095837E-09,6.35143306980673E-11,-1.53262796473783E-13,1.85036709576075E-14,8.13296617689477E-17,-8.7323327192952E-19,-2.23141539040353E-20,1.98751557749656E-23,-2.22523362038702E-24,-1.6035223965397E-26,8.50262742457266E-28,-5.36596830476632E-30,-2.21557562390939E-32,2.85381056886051E-34,6.48932840772761E-36,0
31,0,39000,2,2.957,2.957,2.957,2.957,2.957,2.957,2.957,2.957,2.957,2.957,2.957,2.957,2.957,2.957,2.957,2.957,2.957,2.957,2.957,2.957,2.957,2.957,2.957,2.957,2.9569999999999,2.95700000000107,2.95700000116127,2.95700007619013,2.95699079813473,2.95438450405302,2.93999689467794,2.9395077544021,2.9232923873069,2.88613165116178,1.8027756471702,0.451713106205037,0.090494459425142,0.014486629586308,4.44001557907557E-05,5.4270569368181E-07,-3.93715427273765E-10,-4.2796432851404E-11,6.61289524529312E-13,1.94929617255827E-14,2.97300650280558E-16,1.55368606588874E-19,-2.27674655640003E-20,-1.26378757557036E-22,1.11521347569253E-24,-1.17663438358612E-25,0
32,0,400,2,2.973,2.973,2.973,2.973,2.973,2.973,2.973,2.973,2.973,2.97299999999858,2.97300000021491,2.97299999690037,2.97299921233912,2.97297806556283,2.9588282436538,2.9565895453073,2.93971456262902,2.93075784481756,2.91286581603894,2.89314716345952,2.87198608539811,2.8229765523442,2.79157953472688,2.73118313845919,2.6236869026027,1.62240211319389,0.575974739421556,0.382187571518939,0.295895675692095,0.200137424525866,0.156882189264574,0.099537060272594,0.069218962740151,0.037192171371387,0.031810375729862,0.017099134965096,0.00453827220219,0.016286144937545,0.00816967773266,0.000393085820769,-0.001587695865378,-0.000879769971486,0.007737987191876,0.01462382005109,-0.001005733489599,0.01529438525579,0.019075715803099,4.49226749643467E-05,0.017839303715098,0.016917479041542,0.0085
33,0,4000,2,2.973,2.973,2.973,2.973,2.973,2.973,2.973,2.973,2.973,2.973,2.97299999999986,2.97300000001392,2.97300000061718,2.97299986455953,2.97298094765233,2.97274037700611,2.95744327245396,2.95700074090009,2.95699995984202,2.95699882328035,2.95709786967007,2.93817327058373,2.94008407079247,2.93982095641011,2.92252934126838,2.92261326831355,2.90312408516494,2.89,2.84540120079301,2.81404173241381,2.73283639273264,0.91028180320282,0.549552300991503,0.309613179544779,0.179260566523072,0.066349537829961,0.013527818249124,0.0005496215136,-3.93431966551471E-06,-6.39404284129684E-09,2.88041270157416E-10,-5.70934334061029E-12,2.8615950027272E-14,6.18768212105146E-16,1.12704587275699E-18,6.2588630098586E-19,-3.79810197487537E-21,2.82961172128041E-23,4.54938581586082E-25,1.16444539269078E-39,0
34,0,51000,2,3.023,3.023,3.023,3.023,3.023,3.023,3.023,3.023,3.023,3.023,3.023,3.023,3.023,3.023,3.023,3.023,3.023,3.023,3.023,3.023,3.023,3.023,3.023,3.023,3.02299999999981,3.02300000000218,3.02299999923148,3.02299995266465,3.02300571690094,3.02453038489722,3.00702868872882,3.00695937343679,3.00417524987801,2.97544648714984,2.97680946595815,0.669256373135579,0.195419923953143,0.080257245303291,0.052997121176243,0.050031809792929,0.049999974952225,0.04999999727741,0.050000000040493,0.049999999999623,0.049999999999994,0.05,0.05,0.05,0.05,0.05,0.05
35,100000,1700,2,3,2.9999999999999,3.00000000000238,2.99999999978227,2.99999994508641,2.99999927851965,3.00065043032617,2.98177560661194,2.93672758049793,2.74689006645991,2.39698907618522,0.689329351050125,0.078175240909544,0.059269290867831,0.059990385431766,0.060000003636348,0.060000563415608,0.060042630526342,0.061258180015946,0.042869120136996,0.042999909449625,0.043000032002271,0.042999999813419,0.043000000001587,0.043000000000022,0.043,0.043,0.042999999999989,0.043000000001095,0.042999999812196,0.043000000531391,0.043001128383467,0.042985799989231,0.04466045542336,0.024559037167389,0.027010651391126,0.034485755952535,0.02705483169866,0.027001072873007,0.027000013990617,0.026999999994919,0.026999999996736,0.027000000000018,0.027,0.027,0.027,0.027,0.027,0.027,0.027,0.027
36,100,0,2,2.973,2.97299938366127,2.97309379222966,2.97208401768705,2.97069758375455,2.99026855463039,2.97327955282207,2.97300251873627,2.97299999851876,2.97299999892798,2.97299992926515,2.97300651018994,2.97442165826246,2.95691518641636,2.93857039889502,2.91852425737556,2.87348198295245,2.81665486998247,2.76905463323761,2.69251321339556,2.55353216351675,1.83938103610598,0.433406560804086,0.258970968389612,0.169776694032528,0.129018762534611,0.115062891594327,0.084681558100578,0.068101845020826,0.049895748519075,0.032901863203305,0.031717313092242,0.017042212206591,0.017010800253836,0.016865653951381,0.012201417189438,0.000152927195446,-3.0261445154308E-07,3.95536135352667E-08,-2.95970323904046E-07,3.87360918285946E-05,0.008347466960697,0.000228899019669,-6.71331920671605E-06,3.45301011105186E-07,-5.05652005464595E-10,5.69374749946725E-11,2.25476211945701E-13,-2.90136358348158E-15,-3.51051167807174E-17,0
37,1000000,0,2,2.99,2.99152420478478,2.9783099550722,2.9731851521358,2.97299745159121,2.97324062495186,2.95715619062683,2.85286588910331,2.29989499890694,-0.047354604412757,0.069248024326896,0.049428726026973,0.049990560088567,0.049999973939056,0.049999998029952,0.049999999984228,0.050000000000043,0.050000000000002,0.05,0.05,0.05,0.05,0.05,0.05,0.05,0.05,0.05,0.05,0.05,0.05,0.05,0.05,0.05,0.05,0.05,0.05,0.05,0.05,0.05,0.05,0.05,0.05,0.05,0.05,0.05,0.05,0.05,0.05,0.05,0.05,0.05
38,1000000,1000000,2,2.99,2.98999999995015,2.99000000130549,2.98999993235691,2.98997545929122,2.9938884465293,2.97144887980423,2.95307876782376,2.90636595096905,2.8474232313804,2.80763396143325,2.77388102740047,2.69687753107844,2.64391863191669,2.60658127820518,2.550440958534,2.49044386362072,2.43889332368524,2.38573754182234,2.32570700054957,2.26361578373412,2.20447380757431,1.73227333846947,0.868685217707782,0.787019165036383,0.738512218426253,0.683060366397017,0.622503333765121,0.563548953433101,0.522295258988692,0.457416183513949,0.392706655092006,0.336451083267178,0.27652887733855,0.23958661893965,0.184522361994114,0.133533917824124,0.106732491448546,0.055590864726568,0.031179383695466,0.016635634444107,0.018142026489417,0.016888270096823,0.005691749661335,0.012305844260594,-0.000907910098201,0.000527718509457,-5.88423039304393E-07,0.00043363164112,0.007300630053883,0
39,249000,0,2,2.973,2.97753901232239,2.98985965632863,2.99000090320611,2.98999817270897,2.99037672036294,2.9919145472713,2.96885145795267,2.90731437575998,2.4785099686935,1.18253487687413,0.031101440461223,0.032972962634814,0.033064112463102,0.019130350870056,0.014940527264499,0.018047219271944,0.017030290473297,0.016999657764078,0.017002665857996,0.017407276685202,0.017339658994511,0.017219065523353,0.020565092612976,0.017154934392159,0.016982103277452,0.017099326561537,0.035472659804125,0.029842523456233,0.033004774138551,0.017420042973634,0.017002053658718,0.016999981353488,0.01699999972461,0.017000000000908,0.016999999999951,0.017,0.017,0.017000000000031,0.017000000001999,0.016999999736729,0.016999951136782,0.016999633169606,0.017623969255147,0.014913191746253,0.032535650477606,0.016841739752311,0.016999544535184,0.017018674351537,0.019889979586914,0.017
40,249000,249000,2,2.99,2.98999999999883,2.99000000003893,2.98999999822809,2.98999935716408,2.98996257510746,2.98790387327034,2.99020991344807,2.97313491390165,2.92803023521334,2.90220981959083,2.8413021320278,2.8008427576583,2.73848149859116,2.69385392214046,2.63279812345941,2.58962103176907,2.54768532072745,2.48486889471724,2.4255215505249,2.36876936079248,2.30443811477704,2.22280982294004,0.812703579746378,0.764446469749175,0.709290927571379,0.655933270007517,0.59901232798297,0.534814543921727,0.478804400366053,0.418028788583395,0.363026112605875,0.316802986872283,0.250005802099433,0.19948706119906,0.153178895435421,0.116943818573365,0.092652465050656,0.067342878290531,0.049835327267052,0.031701787974191,0.032472846627321,0.033345912368782,0.047794342485339,0.048253310299561,0.045455554533438,0.041368818912474,0.033026523427896,0.032999658378825,0.03299999587312,0.033
41,39000,0,2,2.957,2.957,2.95700000000003,2.95699999999612,2.95699999930068,2.95700000477227,2.95699748113535,2.9568226007663,2.94068137165526,2.85756963861426,2.65353914751067,2.15672073991075,0.081556642994496,0.013265238847374,0.010337758518301,1.20870667706695E-06,-5.35062763866596E-07,-4.37422882653869E-09,-8.94922699699608E-11,-2.33656600470631E-12,-1.39755129842625E-15,-2.72298278193761E-16,-1.44985607077859E-18,1.20046017677289E-20,1.82975920606918E-22,2.24491211304964E-25,4.8377246259759E-26,2.84246116395395E-28,-2.24097244017634E-30,-6.94546945773487E-32,3.81587240310179E-35,-8.4235448947238E-36,-4.52894565112645E-38,4.84691919988615E-40,-1.85349183740755E-41,3.26780200817926E-45,1.26763281779688E-45,1.13306500215226E-47,1.83874940998787E-49,2.91473414058282E-51,3.19314014279549E-54,-2.57412772009695E-55,4.63168473222029E-57,-3.47315005425452E-59,-5.26923849603889E-61,-3.63264049817088E-64,-4.38137585937418E-64,2.51535878470379E-66,-2.16635330457202E-68,1.53830221755598E-69,0
42,39000,249000,2,2.957,2.957,2.957,2.957,2.95699999999973,2.95699999999646,2.95700000318803,2.95700027721169,2.95697576656243,2.95062519592054,2.93999189962907,2.9401331496475,2.92152235800592,2.92305941470543,2.92003794010938,2.90599873995657,2.90758373703143,2.88990738765799,2.88999680100194,2.89004950363003,2.8812397167218,2.87219460589117,2.85446822458932,2.85611666874264,2.83974311608752,2.823,2.82498610405253,2.80589303257059,2.80551259681214,2.80797857169411,2.79001303591285,2.78759877359422,1.359704597681,1.103124141198,0.842753565264709,0.517142570530659,0.291645216951584,0.111506893431369,0.03442664080131,0.011197155831973,-0.000159939834155,-0.00217247460012,-8.4064555099767E-06,9.48660688943831E-08,1.02167023844208E-09,-4.72371561936437E-11,2.76382544437173E-13,-4.1420085882171E-15,4.47491339753267E-17,1.30258363071677E-18,0
43,39000,4000,2,2.957,2.957,2.957,2.95699999999983,2.95699999993087,2.95699999530581,2.95700055799157,2.95712102023581,2.93947191253159,2.89452168805086,2.77632473187961,2.55204790665177,2.27950647450684,1.91704903952788,0.163893223536097,0.123824341308066,0.11382974668069,0.099943747522146,0.092068882302974,0.084010643223309,0.085742268509933,0.066860234533672,0.067003683902343,0.061482618925015,0.049953911901096,0.05,0.051938593036366,0.032877951328921,0.033019660303649,0.020331257864557,0.016966218723045,0.017005872507343,0.012780603513147,-2.44951277338952E-05,-2.10259001801323E-06,-1.89060363240408E-08,8.34994585780676E-11,-4.41767298098412E-12,1.10006781109371E-13,5.41759261783749E-16,8.41596621477651E-17,-8.22934985302324E-19,-9.98059844984652E-21,-1.81062255914496E-22,-5.98876858737824E-25,4.62852025100106E-26,-3.31987698838495E-28,-3.25514230211426E-31,1.76586103250602E-32,1.54059086160752E-34,0
44,39,0,2,2.957,2.957,2.957,2.957,2.957,2.957,2.957,2.95700000000005,2.95699999999848,2.95699999919174,2.95700001806354,2.95699784740923,2.95662180259338,2.94016731150996,2.93475087425933,2.91801484331382,2.89035827609805,2.83885605712303,2.7851656885066,2.71390026454965,2.59274290273856,2.32179938261355,0.62692477818473,0.257114496077796,0.189257068583793,0.140462434815596,0.115049674502076,0.084902351107369,0.068876391165696,0.049998669638314,0.03242305213108,0.030474513053662,0.017328543184126,0.017111981015146,0.016033623377805,-7.93171795148827E-05,-6.51787962712857E-07,2.04392535304318E-09,-1.96079887210378E-10,-7.71461080651305E-13,6.96095735959013E-15,1.11860485254472E-16,-6.89264247877371E-19,2.36198147206664E-20,1.85360355621246E-22,-8.76458199533518E-24,5.61230794724065E-26,2.16519523277536E-28,-2.87139775742817E-30,-6.3832140180022E-32,0
45,39,100,2,2.957,2.957,2.957,2.957,2.957,2.957,2.957,2.95699999999999,2.95700000000046,2.95700000020526,2.95699999373804,2.95700047303601,2.9571117610463,2.93943213513154,2.94182350809426,2.92129896967369,2.89123731828779,2.87329240219656,2.84273594368649,2.79096551362916,2.72842816530721,2.64001177108804,2.52715826450135,1.27788370296286,0.338075713382161,0.25550553500599,0.198906747198799,0.136930652388105,0.101202274911161,0.067505881064725,0.047981565294965,0.034106647168784,0.017040203954503,-0.000656846167589,-6.88940650386931E-07,3.75286072348724E-08,2.95772021625932E-10,-8.06460604803418E-13,9.20506361032306E-14,4.21526846505565E-16,-4.5799457189222E-18,-6.02610323783446E-20,1.05574869905598E-22,-1.38691299143972E-23,-8.76324572080807E-26,5.67944579537596E-28,-3.09023220266549E-29,-7.63770942834436E-32,1.85499764509403E-33,3.00040255953084E-35,0
46,400,0,2,2.973,2.973,2.973,2.97300000000002,2.97299999999962,2.97299999997407,2.97300000309887,2.97299948628566,2.97299349263469,2.97487584438299,2.95454960839285,2.95741783058347,2.94442402710367,2.92459674377383,2.89055212564313,2.84994353059682,2.76840785652513,2.68981974289454,2.55492219057298,2.37847250377313,0.574455844350538,0.241453017230567,0.148620444890483,0.120475821658398,0.101751862731874,0.084,0.068740654949925,0.049948596054741,0.034167556439413,0.032583418987615,0.017359577867485,0.017018421961942,0.018523417499623,-5.3328082532748E-05,1.12276311062556E-06,-4.40611013665117E-08,1.8482982620636E-09,-9.43602553360331E-12,-7.83778852402524E-14,-3.93511110576433E-16,-2.06336451587324E-17,-1.11497447789269E-19,6.64652410017901E-22,-4.00484487039563E-23,-1.27216381234607E-25,1.95486634130215E-27,2.13324906744432E-29,-1.73106470301387E-31,3.80235411855157E-33,3.66877312990487E-35,0
48,4000,0,2,2.957,2.957,2.957,2.957,2.95699999999977,2.95700000000546,2.95700000307791,2.95699992185961,2.95700841379072,2.9583832671167,2.92378348213381,2.89745759145822,2.78455029435193,2.57530807832696,2.30811395972309,1.91638170234564,0.099809519817862,0.075013267322044,0.051387647240383,0.046300459629829,0.033045159169207,0.01543835831468,0.017071521914534,0.016997262242509,0.016772902658675,-0.000625221432322,3.16627637413014E-05,-1.27716686578187E-20,8.6269577437888E-09,6.21869356822379E-11,1.65511753931319E-12,3.4418579029501E-14,1.20153627316676E-16,5.44861336277841E-18,1.68699439520475E-20,-3.53195658123819E-22,-2.79125836822914E-24,1.39029773086212E-25,-8.94974913363965E-28,-2.99601316272183E-30,6.04552336621815E-32,-1.71868798373887E-33,7.455028754601E-36,1.70533772679064E-37,2.92991442215154E-40,1.6201484618232E-40,-9.75280380181921E-43,7.28501402016956E-45,1.17319069325485E-46,-9.87539045559019E-64,0
49,4000,400,2,2.957,2.957,2.957,2.957,2.95700000000034,2.957,2.95699999575903,2.95700009838564,2.9569888105535,2.95486730804265,2.93988788227796,2.89920949071733,2.8035977115024,2.68519583251463,2.5138125380883,2.33309109091185,2.12130776650361,0.212008770985964,0.151058263127208,0.114864714922313,0.100700367217505,0.082222610631978,0.081693051194442,0.067271535892064,0.048384379797345,0.049986530972329,0.051771138580742,0.033,0.03254556117813,0.017528499792284,0.017011659899446,0.016661222411234,-0.000181369144555,-8.10998643755154E-06,1.1917443948895E-07,5.16412381216429E-09,5.3168898138823E-11,-1.30442349757523E-13,1.57060166166373E-14,5.0312580984019E-17,-1.0325146560114E-18,2.87434259126308E-20,-1.25055574406739E-22,-2.84562147093597E-24,-4.7532304563527E-27,-6.84427292073532E-28,-4.16298763478748E-30,3.23405484717207E-32,4.51167359199857E-34,8.07591656886714E-37,0
50,51000,0,2,3.023,3.023,3.02300000000023,3.02299999998388,3.02299999593453,3.02299994648143,3.02298528268134,3.02161878317463,2.99184922358628,2.90229479094304,2.67113762662626,2.16881396829547,0.089242668532862,0.07031901149678,0.066890338527797,0.067000042563438,0.067000174028852,0.067017783732973,0.066872643549562,0.049258909376009,0.04999948733177,0.050000056277185,0.050000000331856,0.050000000009163,0.050000000000127,0.05,0.05,0.05,0.05,0.05,0.05,0.05,0.05,0.05,0.05,0.05,0.05,0.05,0.05,0.05,0.05,0.05,0.05,0.05,0.05,0.05,0.05,0.05,0.05,0.05,0.05
51,51000,51000,2,2.99,2.99,2.98999999999984,2.99000000001098,2.99000000277306,2.99000008252491,2.98999614208464,2.98970284783642,2.97292340929079,2.94664385507554,2.9374732656097,2.88969606967714,2.83089898761364,2.78989729543717,2.75755276346935,2.70075697250421,2.62321381679107,2.57991508106828,2.54445783655505,2.49149580554531,2.41551024230655,2.37115653902585,2.27811078021454,0.81134873874176,0.704487018505473,0.6475737073465,0.599843510059014,0.536837411368784,0.478527778996757,0.418591173472931,0.388864438740376,0.330146801930144,0.268186566639731,0.210905469941598,0.183616205475241,0.134380840180977,0.095694303239193,0.067841461795697,0.054790572311282,0.050394738673777,0.049995715417019,0.049999946958782,0.04999999997071,0.050000000003811,0.050000000000024,0.049999999999999,0.05,0.05,0.05,0.05,0.05
52,0,0,3,2.973,2.973,2.973,2.973,2.973,2.973,2.973,2.973,2.9730000000008,2.97300000009527,2.97299999531426,2.97300041717049,2.97300949342562,2.95892074731501,2.95672434948351,2.93968039619606,2.92064765112255,2.90632910882502,2.89526657529282,2.83563016277241,2.79263038598054,2.73285352157291,2.639,2.44207427073158,0.443359133639508,0.296672269796416,0.227078576425168,0.150787691686591,0.109237999392089,0.065294259085101,0.04873843691702,0.028280844984028,0.016838441054868,0.001139968297857,-4.62799289686497E-06,9.40183176413857E-08,7.83518270940969E-10,-3.81713640477324E-11,2.56908991225105E-13,4.31238867436758E-16,-1.8808841161493E-17,3.72823681435345E-19,-2.89631471424892E-21,-4.0405136170825E-23,-7.35397459233387E-26,-1.01102570222595E-26,-6.60603513146186E-29,4.89076073994508E-31,1.54898814588597E-32,5.34552942018439E-49,0
53,0,100,3,3.007,3.007,3.007,3.0070000000001,3.00699999999798,3.00700000004634,3.00700002613525,3.00699605768026,3.00707142154393,2.99992159855482,2.9899742195575,2.99522259640591,2.9900145532077,2.98949073251387,2.97344846298486,2.96619483363622,2.94661933935568,2.92334909385167,2.89689727606653,2.85293017677765,2.81594570370023,2.77898700136413,2.6931976776058,2.60707763250948,1.83372873905362,0.440911779895486,0.327620379450191,0.259,0.174465178642338,0.13338237242068,0.118446474173144,0.083525892095835,0.067622639309264,0.041321254023292,0.032833682121225,0.015988506059902,0.016992008284702,0.017000044820808,0.016999997438274,0.016999999991424,0.017000000000172,0.016999999999991,0.017,0.017,0.017,0.017,0.017,0.017,0.017,0.017,0.017
54,0,1000000,3,3.007,3.007,3.007,3.007,3.007,3.007,3.007,3.007,3.007,3.007,3.007,3.007,3.007,3.007,3.007,3.007,3.007,3.007,3.007,3.007,3.007,3.007,3.007,3.007,3.00699999999998,3.00700000000261,3.00699999977435,3.007,3.00699942559141,3.00696176845926,3.00541359543819,3.02320992404314,3.00765867863133,3.00703253411989,3.00699965818366,3.00700425899486,3.00750043013127,2.97030051610367,0.875482852954743,0.080192972070247,-0.013161208102175,-0.03252559865398,-0.033002051492653,-0.033000091279239,-0.033000975270682,-0.032502798270518,-0.017439464898216,-0.016996729550331,-0.016999947330939,-0.017,-0.017
55,0,249000,3,3.007,3.007,3.007,3.007,3.007,3.007,3.007,3.007,3.007,3.007,3.007,3.007,3.007,3.007,3.007,3.007,3.007,3.007,3.007,3.007,3.007,3.007,3.007,3.007,3.007,3.007,3.007,3.007,3.007,3.007,3.00700000000012,3.00700000001732,3.0069999996035,3.00699976222947,3.00700312364456,3.00629045433254,2.96126495027275,1.04650971623754,0.278751013147364,0.048249944601786,0.017230577290129,0.017002324186017,0.016827575986196,0.017599227633553,0.017744851329008,0.012481682311496,0.01649083009931,0.016890451840112,0.008096496104518,0.017,0.017
56,0,39,3,2.973,2.973,2.973,2.973,2.973,2.973,2.973,2.973,2.97299999999976,2.97299999996666,2.97300000089998,2.97299982240922,2.97299292058037,2.97465711663374,2.95686712128347,2.95803299296217,2.94149803499394,2.92226365391713,2.90119957063014,2.8546943663645,2.82670347486449,2.76976166855355,2.73327814727248,2.62286989177366,2.24659059738892,0.461164929517107,0.321054074738972,0.234,0.157788803747182,0.114845789612283,0.086344819364128,0.061953851552866,0.05056053494259,0.033505364965021,0.017101841216306,0.016530808837936,0.000827140355832,8.38235898223668E-06,-4.7910971688072E-07,-8.65796668287539E-10,3.20987386118641E-11,-1.75954630284059E-12,3.98179100528139E-15,9.13406228782327E-17,1.56664288239074E-19,2.24714303355006E-20,1.43478446213132E-22,-1.06775089154228E-24,-1.71956282864446E-26,2.12997366577372E-43,0
57,0,39000,3,3.007,3.00716976951944,2.9913009392331,3.00678847829575,3.00706528876049,2.9985,2.98861757375283,2.98913952655952,2.99001035320836,2.99000011398891,2.98999999977323,2.99000000003458,2.98999999999963,2.99000000000001,2.99,2.99,2.99,2.99,2.99,2.99,2.99,2.99,2.99,2.99,2.99,2.99,2.99000000000002,2.99,2.98999999969299,2.98999997965996,2.9900061897658,2.98987315342828,2.97325081505575,2.97463586378912,2.94121637360316,2.93989851326654,0.772172072343437,0.139603650083338,0.059767303429913,0.016979636670763,-0.001175086633448,-1.03209907053682E-05,-1.43853513984974E-07,-3.27336707002163E-09,-5.49461892378181E-12,2.67326092364183E-13,-5.15641655050979E-15,3.79248996834378E-17,5.29278961059456E-19,-2.42175955888551E-20,0
58,0,400,3,3.007,3.007,3.007,3.007,3.007,3.007,3.00699999999842,3.00700000002484,3.0069999952523,3.00699943261318,3.00702792925352,3.00322399698922,2.98998606426545,2.98998716252167,2.98866271892388,2.97302119533046,2.96618064869734,2.95717484974414,2.93773630402738,2.92423563674707,2.90884882207175,2.86128223299927,2.84,2.82630929045402,2.76197477517595,2.66732182406473,2.49913385808344,0.617507189385492,0.431765994551544,0.323346215759384,0.273135443968156,0.181409763506477,0.134649019921502,0.078562894421096,0.065013409468541,0.037419422465237,0.03145729090803,0.017402924280596,0.016997269227337,0.017000117349396,0.016999999340739,0.017000000014031,0.016999999999897,0.016999999999999,0.017,0.017,0.017,0.017,0.017,0.017,0.017
59,0,4000,3,3.023,3.023,3.023,3.023,3.023,3.023,3.02300000000112,3.02299999998213,3.02300000343053,3.02300045406606,3.02300598792087,3.02241216570259,3.02291293821855,3.00660321998967,3.00673605519442,2.98982206280467,2.98999592964255,2.98999999202871,2.99000101143363,2.9899834717372,2.99137389368738,2.97286998253846,2.973,2.97298651515867,2.97205895597197,2.95707693073138,2.95699551292343,2.957,2.93812284153437,2.92389624542876,2.86202496153086,2.87212302452545,0.869796059132764,0.582071428235532,0.341563455554341,0.170559824185618,0.076402079139412,0.030465285422802,0.020319677537412,0.017003516638033,0.016999841581154,0.017000003140063,0.016999999984262,0.01699999999966,0.016999999999999,0.017,0.017,0.017,0.017,0.017,0.017
60,0,51000,3,3.023,3.023,3.023,3.023,3.023,3.023,3.023,3.023,3.023,3.023,3.023,3.023,3.023,3.023,3.023,3.023,3.023,3.023,3.023,3.023,3.023,3.023,3.023,3.023,3.023,3.02299999999999,3.02300000000085,3.023,3.02300000320345,3.02300022071771,3.02300847501293,3.02432292134145,3.00705125697086,3.00731394505993,2.97353768028548,1.89320891724078,0.563812152000601,0.184825070269726,0.076653427558812,0.048468640601901,0.032959334987238,0.025472301237561,0.033834325201135,0.034677912318088,0.0330028781001,0.033000445316733,0.033002793755337,0.032767806780238,0.034230412326312,0.034956632809359,0.033
62,100,0,3,2.973,2.973,2.973,2.973,2.973,2.973,2.97300000000006,2.972999999999,2.97299999989852,2.97299999309835,2.97300033943701,2.97296659654112,2.97228973559684,2.9564848255977,2.9411839361977,2.92336517941118,2.90322137550496,2.85507274542065,2.81306158016428,2.77636641434195,2.69618718567384,2.58585702005307,2.42322136523554,0.517921032232224,0.293251969747139,0.215392292017945,0.172464569885824,0.117930098972589,0.084250612155438,0.056370815111845,0.036444550773747,0.027836810962255,0.016838496803875,0.000477377514759,-4.75410676920386E-06,9.65803368019307E-08,8.04671373579983E-10,-4.23103877380611E-12,2.69038962268038E-13,4.5159983242148E-16,-1.96969015503181E-17,3.90426570452055E-19,-3.03306436029101E-21,-4.23128667231919E-23,-7.70119287547025E-26,-1.05876133200315E-26,-6.91793937707907E-29,5.1213736718002E-31,8.28417009710839E-33,8.55284707229503E-50,0
63,1000000,0,3,2.94,2.955316778431,2.9730876634648,2.97358017055455,2.95704638804124,2.94027989702216,2.91297392280934,2.86323367049046,2.51139286424251,0.523477841617652,0.008719225689924,0.000269833957178,6.70671388227623E-07,-1.3624833303329E-08,-1.19669285606381E-10,-1.6679460574606E-12,-3.82035656536269E-14,-6.37087213580292E-17,3.09957865438788E-18,-5.97873500925905E-20,4.3972964189869E-22,6.13481572013278E-24,-3.49548857251354E-39,1.56407151173957E-27,8.26935270333094E-30,-7.57241194748122E-32,5.85142597512228E-33,-1.52447817151884E-48,-3.13009143599248E-37,-1.48420864397115E-39,-6.42221918917984E-41,-6.61782566983742E-43,1.29167863686207E-45,1.57112761234842E-46,2.34538532559424E-48,-4.72329920411563E-50,-3.73183278818279E-52,2.09296451768455E-54,-1.19627379313415E-55,-2.16178012668672E-58,8.01463181419801E-60,-4.3933551245805E-61,9.94200714556797E-64,2.28065076845454E-65,3.82010631601026E-68,7.79732043125787E-69,-1.32910543982839E-70,9.89101025851157E-73,1.49330377753215E-74,7.6704585395277E-92,0
64,1000000,1000000,3,2.94,2.94000000001562,2.94000000102681,2.93999968560968,2.94000628927145,2.93887276659377,2.92092731633831,2.90534187193801,2.87344001462744,2.8323018329271,2.79013609252691,2.7432071071974,2.69716423225344,2.64266488235659,2.60047408693026,2.54051073094515,2.47943185522414,2.42068968745151,2.35795823885686,2.31848340497185,2.25779995181288,2.19643204823141,2.09994232958807,1.42389521518771,0.815409298920585,0.739045501774071,0.666837941173531,0.618,0.542335991024413,0.498172017240221,0.453960241834025,0.395400456407889,0.344481076852621,0.290439369666038,0.248629181307675,0.19992592124035,0.147519233865228,0.099577842182865,0.051991721085236,-0.001001242332469,-0.023202011087924,-0.031964438374035,-0.049893862207145,-0.049997584848661,-0.049999995938206,-0.049999999331342,-0.049999999996298,-0.050000000000027,-0.05,-0.05,-0.05
65,249000,0,3,3.007,3.00700000000001,3.00700000000073,3.00699999991548,3.00699998477322,3.00700010390986,3.00718430173569,2.97244777444365,2.90714028147997,2.59528290871148,1.47500235142976,0.060628792709326,0.032939915848298,0.033000497784696,0.033000015311841,0.03300000001552,0.03299999999313,0.032999999999964,0.033000000000002,0.033,0.033,0.032999999999744,0.033000000038564,0.03299999943743,0.033000111996862,0.032993943450548,0.032917866237181,0.029294195378525,0.032799068075597,0.033809311498947,0.032877858643607,0.02039159963719,0.03190360126982,0.018500819382883,0.025737851534003,0.024971067280719,0.01713370926862,0.019655133554262,0.026994226040697,0.03300869996065,0.017167673781413,0.032807165876691,0.029175556923967,0.032918440449397,0.021782561784098,0.033706330213435,0.021115032935261,0.033147298548581,0.027001608267943,0.012803978351932,0.033
66,249000,249000,3,2.99,2.99000000000041,2.9900000000281,2.99000000111913,2.99000017537823,2.989995985193,2.98632420447632,2.97156488994374,2.94579260752187,2.90723598252295,2.861342070809,2.81615091455935,2.771748335369,2.71141013045075,2.65815929451316,2.60682146969867,2.55193185645852,2.4963967918383,2.45899930127979,2.4002020443346,2.3338368907869,2.28171339012383,2.238,1.84260476698645,0.779046604993284,0.736601484853124,0.677737215982819,0.619228496065706,0.558308952135539,0.497503120695549,0.457838889944005,0.38143007579016,0.317678011979733,0.283708287485964,0.232006770829792,0.171874642311999,0.130785508992128,0.084383216356616,0.055892007334804,0.032313896398585,0.005451242855001,-0.000213752636788,7.49817500517442E-07,1.04603544280239E-08,1.90404482739555E-11,2.92439443724555E-12,-5.65881414055645E-14,4.18948813472955E-16,1.32678834540566E-17,6.62038418383112E-35,0
67,39000,0,3,2.99,2.9939802621827,2.98999635009707,2.9968112630758,3.00685697179105,3.00699987811992,3.00694835611956,3.00781480047996,2.989875337622,2.94837256852136,2.80522878548186,2.38698424560836,1.47601587205362,0.03880674142439,0.026857075457423,0.01699704319874,0.017001762045168,0.017003217174197,0.016665891711223,0.000948836300837,-1.13312298944885E-06,1.24468041105536E-07,7.07057452010501E-10,2.12154531622862E-11,2.8153666304427E-13,-4.93038065763132E-32,-2.25160102779461E-17,3.78186112547171E-19,-3.86882494270135E-21,-4.78623518019223E-23,3.54523281798007E-26,-1.30989409488759E-26,-5.56388905456874E-29,5.34500944141564E-31,7.3921827439851E-33,2.80722568887551E-36,-6.20505520653736E-37,-3.31489827691418E-39,3.6405445243027E-41,-1.34334481475949E-42,4.87864992896136E-46,1.08926699701406E-46,5.12875634254288E-49,-5.78778295749529E-51,-6.74715072533306E-53,7.4950638320043E-56,-2.37108368061629E-56,-7.48243750671264E-59,8.08391948127826E-61,1.06767985950968E-62,0
68,39000,249000,3,2.99,2.99,2.99,2.99,2.98999999999998,2.98999999999938,2.99000000020312,2.98999999043863,2.99000007601642,2.99012901074285,2.97128320213831,2.97293241324287,2.96624478942411,2.93944633888202,2.94014359325427,2.93557271373882,2.92297737287005,2.92300750790804,2.92342442449113,2.90517037431548,2.90587443133281,2.88984942441709,2.89011641937417,2.8859951937786,2.87295368525121,2.86454722979507,2.85564738265017,2.85761006841291,2.83996877940396,2.8234455787383,2.82316096242575,2.8046292120648,2.79093891274406,2.17591011405266,1.12984516984388,0.829854909211685,0.538487484630632,0.286567704935452,0.128704387303859,0.045778733281843,0.016187047520871,0.016989936077173,0.016999994924329,0.016999181119695,0.0169209625467,-0.002061007186062,0.000452452894509,0.018388285682999,0.000202463800227,2.11226564286422E-06,0
69,39000,4000,3,2.99,2.99000000484476,2.99000038150241,2.98995566297962,3.00258193028506,3.00700134492971,3.00699778658257,3.00684089975499,2.988367843704,2.93477470515559,2.80751952245988,2.68537573266763,2.37159833346836,2.02155313914256,0.114807218323314,0.167015673032896,0.148638559626587,0.139951276216906,0.13407405450235,0.127669645836742,0.116998157638742,0.118833029409907,0.099846819875014,0.099967744800384,0.094326596407022,0.083994109318409,0.083952667679406,0.084568836281895,0.067173663437811,0.066999538174014,0.06703373297878,0.050370607909932,0.050005477157232,0.049639745511122,0.03044872207415,0.033000297598717,0.033000814708167,0.033048147246893,0.034791194946171,0.015764212747186,0.017000896532298,0.017000112532607,0.016999998523264,0.017000000013757,0.017000000000195,0.017,0.017,0.017,0.017,0.017,0.017
70,39,0,3,2.973,2.973,2.973,2.973,2.973,2.973,2.973,2.97299999999995,2.97300000000106,2.97300000016476,2.9729999961907,2.97299771568925,2.97290026828506,2.95598779020626,2.95706675240744,2.94061169227232,2.94184771738407,2.91393603567469,2.86478350504719,2.82111402334259,2.77564469057521,2.68689183800382,2.60049918381302,2.2671220343531,0.44420176540378,0.270416040677298,0.226791068244169,0.15,0.106217173420239,0.082920750533926,0.066188856207064,0.051898764422829,0.032907945573943,0.017402405359794,0.016995123913677,0.017118074552342,-0.001982167331661,3.87014985093449E-06,1.76778945290045E-07,5.65990532112711E-10,-1.16152955722803E-11,3.24930501483589E-13,-1.40760496442094E-15,-3.20299288101014E-17,-5.52999782521204E-20,-7.8494683512578E-21,-5.04292223403232E-23,3.7090160050836E-25,5.17443064221345E-27,-2.80259692864963E-45,0
71,39,100,3,2.973,2.973,2.973,2.973,2.973,2.973,2.973,2.973,2.97299999999966,2.97299999995962,2.97300000198778,2.97300062085388,2.97301359210242,2.96154695468402,2.95709589271306,2.94161382345601,2.93289095511894,2.90533990290675,2.89000136482238,2.8530334259749,2.82493082095448,2.7722006175366,2.72539632542595,2.63675083719249,2.36751955543225,0.457680359282005,0.361514013905843,0.267980774812131,0.190304089815045,0.141125348688698,0.112227732347028,0.078731729478819,0.049652706217145,0.034075130985699,0.017089758343529,0.016806630999669,-0.000628888963193,3.29067539369496E-06,-2.10629044353985E-07,-3.51243820569574E-10,1.52012804810361E-11,-7.46268357444012E-13,2.37815676188098E-15,3.3177592498813E-17,-2.91236718777807E-32,8.23522361478527E-21,4.35401851942472E-23,-3.9833001408856E-25,-6.45771654765204E-27,-8.4077907859489E-44,0
72,400,0,3,3.007,3.01262925695525,3.01922788012341,3.02296613712921,3.02299965338136,3.02300000075368,3.02300005300624,3.0229991538101,3.02314015465803,3.01100551019621,3.00705588976439,3.00919245348443,2.99066492826228,2.96229782820817,2.92199329078961,2.87451808333409,2.81214532639334,2.71112500058329,2.61022560124604,2.46308410642568,1.39162309684335,0.301382852700614,0.244109443824357,0.171178766677538,0.148132888155407,0.116384343784117,0.10160092293347,0.084,0.065355876335373,0.064799636545786,0.050195705812919,0.047822381153455,0.032938523539541,0.033035469810067,0.032481098589684,0.01711033717798,0.017000930077264,0.016999956592245,0.017000000279438,0.017000000000505,0.016999999999981,0.017000000000001,0.017,0.017,0.017,0.017,0.017,0.017,0.017,0.017,0.017
73,400,39000,3,3.023,3.023,3.023,3.023,3.023,3.023,3.023,3.023,3.023,3.023,3.023,3.023,3.023,3.023,3.023,3.023,3.023,3.023,3.023,3.023,3.02299999999992,3.02299999998243,3.023,3.0229999349256,3.02299569347933,3.02357868908692,3.00717543626935,3.00699966332725,3.00699998660686,3.00700009834773,3.00700571363092,3.00777659340284,2.97286450200789,2.97277623040681,2.92860928917875,0.988275231369737,0.463398725823012,0.154043766605747,0.067678321426625,0.049907991308735,0.03165619031323,0.041032332778576,0.033089482447528,0.033001188787785,0.033,0.032346772133051,0.049920948437954,0.035617215266493,0.033540659704456,0.0415,0.033
74,4000,0,3,3.007,3.00700018465862,3.00701221966381,3.00535978406314,3.02310752339338,3.02337437711275,3.01522331623308,3.00688207454331,3.00756261195696,2.99155237859062,2.95781779905871,2.91191890208042,2.78682029099219,2.56324836524199,2.27758726199845,1.88653335154783,0.134771493189316,0.099538440774511,0.080105519027049,0.080331982437815,0.067050712538616,0.048340825528529,0.050070776193062,0.050176887574696,0.046635301337175,0.032955336032494,0.032999321734916,0.033,0.033000004241636,0.033000278672994,0.033011563428378,0.034736572367434,0.017880782553831,0.017043555843955,0.01699958406259,0.017000036103515,0.016999999767615,0.017000000011575,0.016999999999926,0.017,0.017,0.017,0.017,0.017,0.017,0.017,0.017,0.017,0.017,0.017,0.017
75,4000,400,3,3.007,3.007,3.00700000000026,3.00699999992154,3.00700000156956,3.007,3.00697728422649,3.01013265885643,2.99400018048065,2.99132866870744,2.97344086041902,2.92813741341308,2.84269638695855,2.70553072807347,2.55650452921888,2.38069214921021,2.04966168461933,0.259616157147934,0.194997663031496,0.163285830474641,0.135534302425557,0.121113450649025,0.117171658442411,0.100314347571144,0.096795749777224,0.084045723893298,0.076719252815755,0.067,0.06897878734144,0.049889977562345,0.050004350576968,0.051264192597928,0.03304895039363,0.033009372925011,0.03289820815589,0.016205299470226,0.016991154627706,0.017000021505692,0.016999997408998,0.0169999999917,0.017000000000169,0.017000000000002,0.017,0.017,0.017,0.017,0.017,0.017,0.017,0.017,0.017
76,51000,0,3,3.007,3.02084881172556,3.00762564603978,3.0171740860346,3.02467594903347,3.02299678358922,3.02305842082579,3.02243484191784,2.99681193564622,2.89404498247656,2.61484900575709,2.16414976283102,0.107080865012064,0.067019434030317,0.062579606820476,0.049971370060075,0.04999934509025,0.049999998876721,0.049999999838881,0.049999999998975,0.050000000000008,0.05,0.05,0.05,0.05,0.05000000000007,0.049999999996801,0.05,0.050000042030865,0.050003139325481,0.050125041437377,0.031018606740627,0.033003872655382,0.032999942390717,0.033004940463694,0.031860364971241,0.033310139139929,0.034358275807237,0.041552717355197,0.033205620233152,0.032824067776086,0.048119209126321,0.034990599920865,0.033042325091197,0.033000075191718,0.03300001276012,0.033000000118364,0.032999999993255,0.032999999999896,0.033,0.033
77,51000,51000,3,3.007,3.007,3.00699999999999,3.00700000000085,3.00700000018746,3.007,3.00699644571912,3.00704724287864,2.99307914121559,2.95714831610049,2.93652738144025,2.89085967348946,2.85377886114747,2.80845081333764,2.74688156176611,2.69073044358207,2.6489695846656,2.60366588834771,2.54341950247634,2.48261463181171,2.43983849342838,2.36537392356164,2.32092866458164,2.37734688757357,0.740531055614921,0.688000063697553,0.636735203916285,0.568,0.508013017379555,0.466127557783058,0.405055359553535,0.351026347540374,0.302177564753457,0.252231019167258,0.205675777119764,0.154969479082072,0.099610949208283,0.088710381764088,0.053617033451685,0.032353514363161,0.017293189733211,0.01698442864726,0.017000034901148,0.017000000794175,0.017000000001429,0.017000000040382,0.017000001889513,0.016999841273584,0.016967497079549,0.015421134333333,0.033
